ID integer,Email Id,Name,Birth Date,Phone Number,Country
1,Melissa.Cannon@testDomain.com,James Hernandez,08-06-1996,+44115 4960402,Lao People's Democratic Republic
2,Brian.Noble@testDomain.com,William Sosa,15-12-1997,01914960416,Maldives
3,Summer.Hubbard@testDomain.com,Jessica Smith,31-03-1987,+4429 2018938,Senegal
4,Suzanne.Scott@testDomain.com,Kristopher Hunter,01-05-1977,0114 4960585,Puerto Rico
5,Bryan.Rodriguez@testDomain.com,Tanner Esparza,05-09-1980,+441414960903,Lithuania
6,Felicia.Russell@testDomain.com,Tony Wright,16-11-1993,0114 496 0179,Svalbard & Jan Mayen Islands
7,Dr..Carrie@testDomain.com,Natasha Graham,31-03-1997,+44(0)306 999 0244,Kuwait
8,Edward.Webb@testDomain.com,Thomas Dorsey,30-11-1973,+441134960268,Zambia
9,Sandra.Smith@testDomain.com,Kyle Pope,17-02-1983,+441414960943,Canada
10,Tony.Gonzalez@testDomain.com,Alicia Bautista,09-11-1976,+44121 4960524,Guyana
11,Robert.Simon@testDomain.com,Steven Cardenas,27-10-1985,+44(0)3069990688,Nepal
12,Ashley.Jefferson@testDomain.com,John Best,19-06-1992,(0115) 496 0371,Congo
13,Jose.Howard@testDomain.com,Elizabeth Parks,29-01-1971,+441614960546,Iceland
14,Wesley.West@testDomain.com,Cindy Robinson DDS,30-08-1983,+44(0)808 157 0008,Belize
15,Christopher.Bird@testDomain.com,Renee Hoffman,19-08-1972,+44(0)909 879 0440,Costa Rica
16,Amber.Hernandez@testDomain.com,Barry Smith,13-04-1981,01614960415,Myanmar
17,Jonathan.Sanchez@testDomain.com,Ronald Clark,04-08-1994,+441414960279,Tokelau
18,Marvin.King@testDomain.com,Jeff Taylor,15-12-1992,+4420 7496 0222,British Indian Ocean Territory (Chagos Archipelago)
19,Sabrina.Bass@testDomain.com,Mark Mahoney,06-01-1998,(029)2018065,Mali
20,Jeffrey.Mercer@testDomain.com,April Greene,09-10-1996,+4420 74960508,Mayotte
21,Caitlin.Jones@testDomain.com,Michael Williams,17-02-1977,+44(0)1414960189,Mexico
22,Brandon.Bean@testDomain.com,Melanie Harris,02-11-1996,+44151 496 0305,Bahamas
23,Nathan.Fox@testDomain.com,Nicole Ellis,12-06-1981,0118 496 0681,Senegal
24,Carol.White@testDomain.com,Joanna Scott,10-08-1985,0131 4960275,Australia
25,Laura.Hardin@testDomain.com,Ricardo Serrano,16-09-1993,(0191) 4960940,Andorra
26,Elizabeth.Johnson@testDomain.com,Mark Carter,29-01-1974,0121 496 0154,Jordan
27,Julie.Peterson@testDomain.com,John Noble,29-05-1983,+44121 496 0496,Bouvet Island (Bouvetoya)
28,Sharon.Castro@testDomain.com,Carol Robinson,30-05-1981,0121 496 0392,Western Sahara
29,Scott.Kelly@testDomain.com,Erica Hughes,30-01-1982,(028) 9018652,Nigeria
30,Thomas.Meza@testDomain.com,Tyler Clark,19-04-1973,028 9018899,Antigua and Barbuda
31,Leslie.Hughes@testDomain.com,Sonya Shepherd,29-11-1974,+44191 4960980,Romania
32,Matthew.Moore@testDomain.com,Nichole Nunez,20-01-1979,(0117) 496 0012,Lithuania
33,Steven.Oliver@testDomain.com,Karen Taylor,05-08-1972,+44(0)113 496 0009,Korea
34,Anthony.Barron@testDomain.com,Justin Matthews,20-02-1970,01914960521,Cameroon
35,Tyler.Duran@testDomain.com,Aaron Lara,08-05-1995,(0118) 4960826,Iraq
36,Mr..David@testDomain.com,David Michael,07-11-1975,0115 4960519,Kiribati
37,Anna.Sims@testDomain.com,Michael Key,20-07-1970,+44117 496 0222,Saudi Arabia
38,Melissa.Phillips@testDomain.com,Rose Cisneros,19-01-1979,+44(0)289018122,Pakistan
39,Robert.Gibson@testDomain.com,Mary Riddle,04-06-1983,+44(0)808 1570399,United States of America
40,Tammie.Harris@testDomain.com,Nicholas Davis,03-04-1990,+44(0)141 4960129,Marshall Islands
41,Lisa.Day@testDomain.com,Christopher Mccann,16-10-1991,+44(0)1184960509,Slovakia (Slovak Republic)
42,Emily.Houston@testDomain.com,Anthony Brooks,20-12-1990,+44117 4960900,Barbados
43,Sarah.Miller@testDomain.com,Christie Bradley,04-04-1995,+441144960697,Australia
44,Michael.Barnes@testDomain.com,Daniel Tucker,19-04-1986,(0131) 4960873,Turks and Caicos Islands
45,James.Patel@testDomain.com,Melissa Sims,07-07-1988,08081570141,Suriname
46,Robert.Rogers@testDomain.com,Tammy Novak,17-12-1977,(0161) 496 0051,Qatar
47,Deanna.Bowman@testDomain.com,Scott Moreno,22-11-1970,(0116) 4960454,Paraguay
48,Brian.Strickland@testDomain.com,Michael Martin,28-12-1981,(0114)4960966,Gambia
49,Adam.Fisher@testDomain.com,John Hawkins,09-10-1970,+441134960266,Italy
50,Timothy.Gonzalez@testDomain.com,Robert Blevins,20-11-1991,+4420 74960029,Estonia
51,Leslie.Drake@testDomain.com,Timothy Torres,09-07-1994,02074960776,Equatorial Guinea
52,Melanie.Rios@testDomain.com,Renee Silva,20-08-1980,(0113) 4960944,Tokelau
53,Kevin.Odonnell@testDomain.com,Benjamin Stewart,24-10-1988,0114 496 0884,New Zealand
54,John.Chen@testDomain.com,Kelly Martin,02-11-1973,+44(0)117 496 0712,Guatemala
55,Corey.Wade@testDomain.com,Thomas Davis,27-12-1977,+44(0)151 496 0938,Austria
56,Stephanie.Burke@testDomain.com,Kimberly Davis,15-02-1998,(028) 9018 0601,Honduras
57,Brandi.Thomas@testDomain.com,Laura Koch,30-05-1999,01184960594,Benin
58,Mr..Jonathan@testDomain.com,Amy Davis,07-10-1977,+443069990483,Turkey
59,Kimberly.Huffman@testDomain.com,Gail Reilly,01-12-1980,+44(0)909 879 0134,Zambia
60,Joshua.Cain@testDomain.com,Elijah Brown,07-12-1971,0117 496 0793,Svalbard & Jan Mayen Islands
61,Donna.Buckley@testDomain.com,Adam Cox,29-03-1989,+44151 496 0855,Svalbard & Jan Mayen Islands
62,Cassandra.Olson@testDomain.com,Amanda Duncan,20-03-1991,+44(0)191 4960829,Uzbekistan
63,William.Adams@testDomain.com,Brian Smith,12-02-1982,+44(0)3069990775,Serbia
64,Jennifer.Green@testDomain.com,Hannah Long,26-02-1984,+44116 496 0150,Lao People's Democratic Republic
65,Daniel.Taylor@testDomain.com,Courtney Compton,22-08-1998,03069990110,Indonesia
66,Christina.Robinson@testDomain.com,Jacqueline Kerr,19-10-1978,+44(0)909 879 0894,Sweden
67,Wendy.Jones@testDomain.com,Michael Smith MD,18-07-1979,+441184960978,Timor-Leste
68,Monica.Pacheco@testDomain.com,Brenda Freeman,21-06-1990,(0117)4960024,Malta
69,James.Archer@testDomain.com,Kimberly Anderson,02-03-1980,(0113) 496 0739,Tokelau
70,Jennifer.Vaughan@testDomain.com,Candice Macias,08-09-1990,+44(0)118 496 0450,Pitcairn Islands
71,Eric.Santiago@testDomain.com,Cassie Williams,02-09-1982,0116 496 0473,Macedonia
72,Tonya.Mills@testDomain.com,Felicia Taylor DVM,03-06-1985,(0115)4960186,Antigua and Barbuda
73,Linda.Anderson@testDomain.com,Sharon Bryant,29-06-1972,(0114)4960898,Taiwan
74,Jade.Shepherd@testDomain.com,Eric Torres,04-09-1998,+44(0)131 4960567,Iran
75,Amanda.Esparza@testDomain.com,Nicholas Miller,27-07-1994,+44306 999 0469,Liechtenstein
76,Lindsey.Huynh@testDomain.com,Tyler Moreno,17-02-1982,(0191) 4960555,Mauritania
77,Nicholas.Simmons@testDomain.com,Michaela Sawyer,15-02-1993,028 9018 0062,Bhutan
78,Bridget.Barnes@testDomain.com,Katie Mccormick,03-07-1996,(0121) 496 0795,Djibouti
79,Tyler.Moreno@testDomain.com,Alexander Maddox,09-01-1989,+44114 4960811,British Virgin Islands
80,Brad.Ramirez@testDomain.com,Valerie Dyer,10-10-1984,+44(0)191 496 0563,India
81,Richard.Salinas@testDomain.com,Lindsay Graham,01-11-1974,+44116 4960430,Kuwait
82,Jonathan.Anderson@testDomain.com,Haley Leon,09-12-1993,03069990600,Turks and Caicos Islands
83,Monica.Ryan@testDomain.com,Samuel Caldwell,14-08-1985,+44114 4960681,Montenegro
84,Darren.Sanchez@testDomain.com,Julie Pena,19-01-1995,+44(0)29 2018 0121,Marshall Islands
85,Tonya.Hughes@testDomain.com,James Johnson,03-04-1975,0131 496 0385,Ukraine
86,Kevin.Ferguson@testDomain.com,Kristine James,06-02-1999,(0114) 4960351,Eritrea
87,Nicholas.Daniels@testDomain.com,Michael Gonzales,29-04-1985,+44131 4960971,Kenya
88,Gina.Smith@testDomain.com,Steven Brown MD,21-04-1992,+44(0)1184960436,Morocco
89,Kevin.Jimenez@testDomain.com,Monica Schmidt,24-03-1994,(0116) 4960872,Brazil
90,Mary.Davis@testDomain.com,Donald Woods,12-11-1980,+44(0)161 4960339,Tokelau
91,Monica.Mitchell@testDomain.com,Daniel Ruiz,11-04-1971,+44(0)121 4960878,Niue
92,Carlos.Meyer@testDomain.com,Patricia Bush,03-06-1998,+44(0)151 4960580,Mozambique
93,Chris.Potter@testDomain.com,Nathaniel Tran,26-09-1997,(0306)9990650,China
94,Nicholas.Lowe@testDomain.com,Christopher Lee,18-09-1999,+4429 2018066,Cote d'Ivoire
95,Mary.West@testDomain.com,Angela Johnson,18-09-1973,(0191)4960478,Colombia
96,Suzanne.Anderson@testDomain.com,Michael Vang,10-01-1986,+44(0)808 157 0787,Cook Islands
97,Austin.Davis@testDomain.com,William Burnett,22-06-1973,0114 4960063,United Kingdom
98,Tina.Mclaughlin@testDomain.com,Angela Rodriguez,29-07-1977,+44909 8790256,Croatia
99,Brenda.Koch@testDomain.com,Kim Webb,21-08-1993,(0191)4960022,Zambia
100,Mackenzie.Acevedo@testDomain.com,Margaret Sanchez,18-01-1995,+44151 496 0092,Netherlands
